,Price,Close,High,Low,Open,Volume,Date,SMA_20,EMA_20,SMA_50,Daily_Return,Volatility_20d,ticker
0,9.802910804748535,9.802910804748535,9.956883188490696,9.709593830992295,9.87756402777888,9156861,2024-04-25,,9.802910804748535,,,,IBE
1,10.250829696655272,10.250829696655272,10.264827509090292,9.826239175428736,9.840236987863756,13868323,2024-04-26,,9.84556974683489,,4.569243776958221,,IBE
2,10.171509742736816,10.171509742736816,10.498118221147108,9.91955536819627,10.264826705121616,17902046,2024-04-29,,9.876611651206503,,-0.7737905736970419,,IBE
3,9.494965553283691,9.494965553283691,10.241498635471212,9.387651661889688,10.190174213527746,29250104,2024-04-30,,9.840264403785282,,-6.65136451288586,,IBE
4,9.130098342895508,9.130098342895508,9.406315092810924,9.117034073234777,9.331661869053423,27702493,2024-05-02,,9.772629540843399,,-3.8427439082388215,,IBE
5,9.191686630249023,9.191686630249023,9.298066976921737,9.077839715830894,9.219681364643256,16793025,2024-05-03,,9.717301644596315,,0.6745632417140435,,IBE
6,9.182354927062988,9.182354927062988,9.229013411882994,9.077839885468716,9.197285393023147,11604186,2024-05-06,,9.66635433816457,,-0.10152329557586715,,IBE
7,9.513628005981444,9.513628005981444,9.513628005981444,9.247675812631524,9.331660903149716,17398582,2024-05-07,,9.651808973194749,,3.607713724309436,,IBE
8,9.602279663085938,9.602279663085938,9.728257307119918,9.541624254812128,9.700262571757898,12926731,2024-05-08,,9.647091896041529,,0.9318385903753779,,IBE
9,8.958395957946777,8.958395957946777,9.189820422998116,8.958395957946777,9.189820422998116,25561390,2024-05-09,,9.58150180669917,,-6.70552960058478,,IBE
10,9.061043739318848,9.061043739318848,9.16182550271892,8.977058639839912,8.993855303761048,12164163,2024-05-10,,9.53193437171057,,1.1458276889515506,,IBE
11,9.07410717010498,9.07410717010498,9.094637116283495,9.005052543822005,9.07410717010498,7228969,2024-05-13,,9.488331781081467,,0.14417136879547598,,IBE
12,9.2383451461792,9.2383451461792,9.268206970458056,9.033049220219056,9.049845884544467,40638532,2024-05-14,,9.464523530138393,,1.809962930736675,,IBE
13,9.51829433441162,9.51829433441162,9.5509550065251,9.219681458018025,9.275670927373538,12532494,2024-05-15,,9.469644559116796,,3.0302958354852194,,IBE
14,9.30739974975586,9.30739974975586,9.550955831352832,9.29620167693037,9.518295156418752,9468774,2024-05-16,,9.454192672510993,,-2.215676225658514,,IBE
15,9.350324630737305,9.350324630737305,9.38765123866706,9.219681058014896,9.238343917011507,12116828,2024-05-17,,9.444300478056356,,0.46119090331937507,,IBE
16,9.268206596374512,9.268206596374512,9.354990545135225,9.249542845711453,9.307399404843002,7297753,2024-05-20,,9.427529632181894,,-0.8782372549167583,,IBE
17,9.318596839904783,9.318596839904783,9.350324857887294,9.232745550587088,9.25140841003708,7017225,2024-05-21,,9.417155080536455,,0.5436892564520956,,IBE
18,9.34099292755127,9.34099292755127,9.410980207460812,9.318596784395444,9.336326990232427,6843296,2024-05-22,,9.409901542156913,,0.24033755329535555,,IBE
19,9.364322662353516,9.364322662353516,9.480968437200842,9.32606339640456,9.354990786780936,6111759,2024-05-23,9.407014656066895,9.40556069646135,,0.2497564764601723,,IBE
20,9.298067092895508,9.298067092895508,9.331661308549542,9.243943820400045,9.28500282401948,6651940,2024-05-24,9.381772470474242,9.395323210407462,,-0.7075318936239583,2.8964708267810737,IBE
21,9.312997817993164,9.312997817993164,9.378320054128144,9.27567120731743,9.316731102016355,35081466,2024-05-27,9.334880876541138,9.387482696844195,,0.1605788057720492,2.6715616991077193,IBE
22,9.27193832397461,9.27193832397461,9.378319559258456,9.201017500452046,9.303666341846249,6455993,2024-05-28,9.289902305603027,9.376478470856615,,-0.440883750012544,2.670434474654114,IBE
23,9.113300323486328,9.113300323486328,9.285002907343491,9.089037982507891,9.257008172348858,11443713,2024-05-29,9.270819044113159,9.351413885392779,,-1.7109475381009376,2.261582676837069,IBE
24,9.303667068481444,9.303667068481444,9.318597535142676,9.089038384205995,9.089038384205995,17190278,2024-05-30,9.279497480392456,9.346866569496461,,2.088889186549814,2.141755136909705,IBE
25,9.275671005249023,9.275671005249023,9.329795168008545,9.242077679328304,9.303666630098393,35356618,2024-05-31,9.283696699142457,9.340086039568135,,-0.3009142849410895,2.1394817481102475,IBE
26,9.115166664123535,9.115166664123535,9.434309495888208,9.098370000849403,9.340993414456836,10841714,2024-06-03,9.280337285995483,9.318665146668648,,-1.7303798402795945,2.176935258335194,IBE
27,8.824019432067871,8.824019432067871,9.111434243549285,8.669113509229817,9.10210236845231,20687885,2024-06-04,9.245856857299804,9.271556030992384,,-3.1940966389741754,2.1117178396024228,IBE
28,8.911736488342285,8.911736488342285,8.92106836298502,8.786692393913901,8.868810398947634,7922004,2024-06-05,9.211329698562622,9.237287503120946,,0.994071431389143,2.1137569438133212,IBE
29,9.14316177368164,9.14316177368164,9.14316177368164,8.866944159172249,8.932265501482744,10443753,2024-06-06,9.220567989349366,9.22832314793625,,2.5968596091467733,1.6037825718659264,IBE
30,9.232745170593262,9.232745170593262,9.270071777893545,9.051710724715456,9.079705457706542,10300292,2024-06-07,9.229153060913086,9.228744292951204,,0.9797857582426683,1.5985833522419366,IBE
31,9.107701301574709,9.107701301574709,9.227145913871269,9.074107087208548,9.227145913871269,9060413,2024-06-10,9.230832767486572,9.217216389010586,,-1.3543520015782962,1.6314819928204076,IBE
32,8.947196960449219,8.947196960449219,9.146894273494793,8.891206602151296,9.146894273494793,8231827,2024-06-11,9.216275358200074,9.191500252957121,,-1.7622925457353222,1.6220022015037443,IBE
33,8.719504356384277,8.719504356384277,8.9210687640203,8.685910140122175,8.874410278645701,13218549,2024-06-12,9.176335859298707,9.146548262807327,,-2.5448484600422816,1.5231855970760368,IBE
34,8.506742477416992,8.506742477416992,8.726969737754438,8.46941586837352,8.667246985297572,21317753,2024-06-13,9.136302995681763,9.085614378484438,,-2.440068497832726,1.5378161890981794,IBE
35,8.417159080505371,8.417159080505371,8.491812301136038,8.202530403739761,8.445153815757724,21518269,2024-06-14,9.089644718170167,9.021951969153099,,-1.0530869736498971,1.5284914460515235,IBE
36,8.467550277709961,8.467550277709961,8.560866362032028,8.359302836752136,8.482480744409097,7285762,2024-06-17,9.049611902236938,8.969151808063275,,0.5986722684296009,1.545508467988544,IBE
37,8.605658531188965,8.605658531188965,8.618722800609284,8.486213019400392,8.585128583555633,11851373,2024-06-18,9.013964986801147,8.93453340074191,,1.6310296242652456,1.6000706621374647,IBE
38,8.631786346435547,8.631786346435547,8.708305759473808,8.562731721047925,8.60565780978524,8724793,2024-06-19,8.978504657745361,8.905700347950829,,0.30361203796187564,1.6014340940475345,IBE
39,8.725103378295898,8.725103378295898,8.725103378295898,8.60565787560673,8.66351443002438,7560976,2024-06-20,8.94654369354248,8.888500636555122,,1.0810859782099058,1.6292371576037346,IBE
40,8.575796127319336,8.575796127319336,8.751231988979358,8.461950104387,8.751231988979358,33156341,2024-06-21,8.910430145263671,8.858719254723143,,-1.711237615223804,1.6563787179236487,IBE
41,8.764296531677246,8.764296531677246,8.79042506956519,8.564599213578969,8.566465410580026,7030487,2024-06-24,8.882995080947875,8.849726614433056,,2.1980513710839977,1.7519502436866838,IBE
42,8.659781455993652,8.659781455993652,8.84641450441099,8.607524380424111,8.816553572638846,7378842,2024-06-25,8.852387237548829,8.83163659934359,,-1.192509579129819,1.7634140022952245,IBE
43,8.585128784179688,8.585128784179688,8.73443523243621,8.499277487438524,8.669113883808139,13124586,2024-06-26,8.825978660583496,8.808159664566075,,-0.8620618452477857,1.7383662841737424,IBE
44,8.622454643249512,8.622454643249512,8.663514535889957,8.538469550955433,8.60005849997955,6070021,2024-06-27,8.7919180393219,8.790473472059736,,0.4347734321540564,1.6569897192986667,IBE
45,8.726970672607422,8.726970672607422,8.738168745513683,8.603792760575214,8.697108848211844,8217894,2024-06-28,8.76448302268982,8.78442558639761,,1.2121377691413526,1.6942580482208218,IBE
46,8.865078926086426,8.865078926086426,8.980791157893787,8.80348997094418,8.891207465851421,7020253,2024-07-01,8.751978635787964,8.792106856844164,,1.5825451770166143,1.7079932107132965,IBE
47,8.771761894226074,8.771761894226074,8.820286579178186,8.646717787599213,8.818420382054894,7013100,2024-07-02,8.749365758895873,8.790169241356727,,-1.0526362217233798,1.5667574751237396,IBE
48,8.95279598236084,8.95279598236084,8.967726448646959,8.790425270384036,8.84268234735375,6969109,2024-07-03,8.751418733596802,8.805657502404738,,2.063828114781918,1.6204677960443692,IBE
49,8.963994026184082,8.963994026184082,9.034914853239387,8.932266006731993,9.001320636749519,4806696,2024-07-04,8.742460346221923,8.820737171336104,9.091184520721436,0.12507873345160014,1.5049777373861082,IBE
50,8.97145938873291,8.97145938873291,9.02744885764354,8.85761247406638,9.00132032016037,6296433,2024-07-05,8.729396057128906,8.835091668231039,9.074555492401123,0.08328165466220394,1.484710910524237,IBE
51,8.934133529663086,8.934133529663086,9.066642425177603,8.911737384243645,8.9490639966305,8282809,2024-07-08,8.720717668533325,8.844524226462662,9.04822156906128,-0.4160511400932321,1.4586812000161715,IBE
52,8.865078926086426,8.865078926086426,8.91173741421105,8.779227628314306,8.91173741421105,6431720,2024-07-09,8.716611766815186,8.84648181690302,9.022092952728272,-0.7729300591645005,1.4149634411076677,IBE
53,9.016250610351562,9.016250610351562,9.016250610351562,8.825885173850146,8.883741728543171,6502592,2024-07-10,8.731449079513549,8.862650273421929,9.012518653869629,1.7052491638884115,1.3353412332905943,IBE
54,9.061043739318848,9.061043739318848,9.08903847583295,8.978924836949302,9.061043739318848,4728042,2024-07-11,8.759164142608643,8.881544889221637,9.011137561798096,0.49680439134931476,1.185610904194501,IBE
55,9.131963729858398,9.131963729858398,9.150626589173788,9.055444315785865,9.059176709661632,5606168,2024-07-12,8.794904375076294,8.905394302615614,9.009943103790283,0.7826911841491979,1.1438114663850665,IBE
56,9.158092498779297,9.158092498779297,9.191686714321586,9.036780795379284,9.100235942557005,4608500,2024-07-15,8.82943148612976,8.929460797488346,9.009457855224609,0.28612431776822156,1.1432987713383809,IBE
57,9.033048629760742,9.033048629760742,9.126364710932888,8.97705826910818,9.126364710932888,5588386,2024-07-16,8.85080099105835,8.939326305323812,8.999846267700196,-1.3653920730241853,1.1693773675181998,IBE
58,9.161825180053713,9.161825180053713,9.19355319960581,9.008786343234002,9.05544482907202,6692990,2024-07-17,8.877302932739259,8.960516674345707,8.991037178039551,1.425615598577612,1.1986757608140997,IBE
59,9.283137321472168,9.283137321472168,9.336327944419278,9.173023681316035,9.23274643918981,7215848,2024-07-18,8.905204629898071,8.991242450262511,8.997532005310058,1.3241045210354407,1.2081489013122424,IBE
60,9.219681739807127,9.219681739807127,9.268206422697848,9.167424662828385,9.232746009051814,11083732,2024-07-19,8.937398910522461,9.012998573076285,9.000704765319824,-0.6835575028957708,1.1370933721145593,IBE
61,9.410980224609377,9.410980224609377,9.41564616193672,9.240211190123992,9.275670711926026,7414409,2024-07-22,8.969733095169067,9.050901587508008,9.007442226409912,2.074892498471992,1.1269536843144627,IBE
62,9.513628005981444,9.513628005981444,9.555620551240542,9.350324652125552,9.424977868155826,9156009,2024-07-23,9.012425422668457,9.094970770219764,9.012947883605957,1.0907235901276957,1.075605354852636,IBE
63,9.424978256225586,9.424978256225586,9.536958084881723,9.364321959493155,9.532292147445649,7516054,2024-07-24,9.054417896270753,9.126400054601271,9.011081562042236,-0.9318185417815483,1.0802781594083088,IBE
64,9.354990005493164,9.354990005493164,9.368987817682996,9.1618248249436,9.331661208446672,6269505,2024-07-25,9.091044664382935,9.148170526114784,9.012033367156983,-0.7425826227895227,1.1140379845515402,IBE
65,9.364322662353516,9.364322662353516,9.373654537926097,9.26447444152416,9.322330112213548,7262476,2024-07-26,9.122912263870239,9.168756443851805,9.012313327789307,0.09976127024049486,1.0997915346198734,IBE
66,9.359655380249023,9.359655380249023,9.494964886807136,9.28873544991884,9.42497760993827,5079093,2024-07-29,9.14764108657837,9.186937294937254,9.014142303466796,-0.049841107283232766,1.0641884548407696,IBE
67,9.494965553283691,9.494965553283691,9.54162403778352,9.336327239946222,9.345659114833502,6282615,2024-07-30,9.18380126953125,9.216273319541676,9.017669677734375,1.4456747341382137,1.0463570557458841,IBE
68,9.05544376373291,9.05544376373291,9.378318952653448,9.02184955108938,9.292467669188754,20946352,2024-07-31,9.188933658599854,9.20095621898846,9.011958694458007,-4.628998252645367,1.4710018424185063,IBE
69,8.594460487365723,8.594460487365723,8.997588423537819,8.555267678974674,8.87627671427747,14642184,2024-08-01,9.170456981658935,9.143194720738675,8.996561450958252,-5.090675712806336,1.8687982147637545,IBE
70,8.280916213989258,8.280916213989258,8.601926138206244,8.25292147807576,8.512341559384476,16628299,2024-08-02,9.135929822921753,9.061072958191112,8.976218433380128,-3.648213565440095,2.019889408953401,IBE
71,8.112946510314941,8.112946510314941,8.167069782415727,7.898317839016415,7.98230293257077,14943325,2024-08-05,9.094870471954346,8.970775201250524,8.952217407226563,-2.028395159832186,2.0533065808195143,IBE
72,8.043891906738281,8.043891906738281,8.236124435009561,7.948708741094323,8.213728291336091,10728486,2024-08-06,9.05381112098694,8.882500601773167,8.927656478881836,-0.8511655227710802,2.054007448602681,IBE
73,8.267851829528809,8.267851829528809,8.351836926037349,8.090550651294802,8.163337675606428,10795746,2024-08-07,9.016391181945801,8.82396262346418,8.910747509002686,2.7842234255151865,2.126871442679264,IBE
74,8.226792335510254,8.226792335510254,8.292113677827025,8.070020224013456,8.196931404718741,5662344,2024-08-08,8.97467861175537,8.767089262706662,8.889210014343261,-0.49661622952542617,2.116140088675399,IBE
75,8.303311347961426,8.303311347961426,8.402226900089307,8.230524331497154,8.305177544803612,5000347,2024-08-09,8.933245992660522,8.72291993749283,8.86976282119751,0.9301196545448809,2.120948694527124,IBE
76,8.327573776245117,8.327573776245117,8.381697934932474,8.256652955861137,8.34063804421727,4596758,2024-08-12,8.891720056533813,8.685267922135903,8.854010963439942,0.29220183691711643,2.1210605674428185,IBE
77,8.370500564575195,8.370500564575195,8.385431030659516,8.286515469188089,8.370500564575195,3917699,2024-08-13,8.858592653274536,8.655290078558693,8.844940586090088,0.5154777307710967,2.120151119623959,IBE
78,8.359302520751953,8.359302520751953,8.413425794216575,8.325708304496366,8.40222772213138,2907062,2024-08-14,8.818466520309448,8.627100787339003,8.83389190673828,-0.13377985864588826,2.0793693972988043,IBE
79,8.568331718444824,8.568331718444824,8.577663593507426,8.33317398447409,8.39849533003913,5821920,2024-08-15,8.78272624015808,8.621503733158606,8.822395305633545,2.500557877573595,2.147323458613916,IBE
80,8.614990234375,8.614990234375,8.635519291661627,8.542203210514415,8.551534195673522,4140209,2024-08-16,8.752491664886474,8.62088339994112,8.81004020690918,0.5445460967592464,2.155657130205985,IBE
81,8.771761894226074,8.771761894226074,8.824019863361404,8.63551971492283,8.637385912046122,5220992,2024-08-19,8.72053074836731,8.63525278034921,8.803321418762208,1.8197543535863003,2.1414704839473804,IBE
82,8.71203899383545,8.71203899383545,8.816553139844046,8.663514314635306,8.799756477788815,4488541,2024-08-20,8.68045129776001,8.642565753062186,8.798618259429931,-0.6808540987636391,2.1161465935903916,IBE
83,8.734434127807617,8.734434127807617,8.81095442930783,8.65044992873713,8.674711378070715,3564398,2024-08-21,8.645924091339111,8.65131512208556,8.798916854858398,0.25705961587194626,2.1176372310516487,IBE
84,8.723237037658691,8.723237037658691,8.790425472395164,8.684044229030725,8.71203985513923,5536564,2024-08-22,8.614336442947387,8.65816482833062,8.803246746063232,-0.1281947975688258,2.116221827806753,IBE
85,8.809087753295898,8.809087753295898,8.835217180597729,8.730702141200085,8.764296356356816,5292549,2024-08-23,8.586574697494507,8.672538440232074,8.811085319519043,0.9841612152299062,2.134775506111961,IBE
86,8.78669261932373,8.78669261932373,8.837083497776037,8.730702259967519,8.803489282162309,3335440,2024-08-26,8.557926559448243,8.683410266812231,8.817468166351318,-0.2542276181070946,2.1340889638156892,IBE
87,8.83335018157959,8.83335018157959,8.863212003105962,8.768028837516535,8.782959303311438,7978715,2024-08-27,8.524845790863036,8.697690258694838,8.82202199935913,0.5310025543997066,2.104454745764019,IBE
88,8.835217475891113,8.835217475891113,8.868810802234053,8.69524201969471,8.86134601412966,9722802,2024-08-28,8.513834476470947,8.710788088904007,8.826090621948243,0.02113914056545152,1.8466360560380541,IBE
89,8.876276016235352,8.876276016235352,8.91360262461569,8.820285658696573,8.83521701399794,4197306,2024-08-29,8.527925252914429,8.726548843887944,8.82911407470703,0.46471454105432297,1.427796132248369,IBE
90,8.949063301086426,8.949063301086426,8.950929498070227,8.883741956970532,8.883741956970532,10433959,2024-08-30,8.561332607269287,8.747740696954466,8.836579418182373,0.8200205211953859,1.113752424842517,IBE
91,8.913603782653809,8.913603782653809,9.008786957867477,8.86507909646148,8.95839607450416,4465178,2024-09-02,8.60136547088623,8.763537181306784,8.839565563201905,-0.39623720650531213,0.9784468721539685,IBE
92,8.656048774719238,8.656048774719238,8.932265499222181,8.648583097055695,8.894938890777553,7802718,2024-09-03,8.631973314285279,8.753300190203207,8.839490909576416,-2.889459911105552,1.2041118769556676,IBE
93,8.44141960144043,8.44141960144043,8.547800829586304,8.400360601599658,8.478747097578482,8150116,2024-09-04,8.64065170288086,8.723597276987705,8.836616725921631,-2.4795282335475344,1.2247205380625186,IBE
94,8.497410774230957,8.497410774230957,8.616856281556238,8.353702926040745,8.39849521377187,5211506,2024-09-05,8.654182624816894,8.702055705296587,8.83411584854126,0.6632909561914646,1.2218883293457847,IBE
95,8.316376686096191,8.316376686096191,8.538470157756413,8.316376686096191,8.424624126302758,7819217,2024-09-06,8.654835891723632,8.665324370134645,8.825903968811035,-2.130461771764236,1.3100344325785571,IBE
96,8.43022346496582,8.43022346496582,8.491812417325644,8.363035031516958,8.363035031516958,4984626,2024-09-09,8.659968376159668,8.642933807737613,8.817206859588623,1.3689468763477874,1.3436731961869333,IBE
97,8.325708389282227,8.325708389282227,8.523539514907672,8.307045528907905,8.413425879895717,7230866,2024-09-10,8.65772876739502,8.612721863122815,8.808285789489746,-1.2397663729548314,1.3701003663837392,IBE
98,8.299579620361328,8.299579620361328,8.443287467980984,8.208128848262794,8.357436176794897,6120075,2024-09-11,8.654742622375489,8.582898792383626,8.795221462249756,-0.3138323815728872,1.3714929334974202,IBE
99,8.461950302124023,8.461950302124023,8.506742589541203,8.357436151399366,8.404093745866263,10928444,2024-09-12,8.649423551559448,8.571379888549378,8.785180587768554,1.9563723608886363,1.3232618761444364,IBE
100,8.63365364074707,8.63365364074707,8.635519837896936,8.417159642439513,8.452619168160277,7905111,2024-09-13,8.650356721878051,8.577310722092015,8.778424472808839,2.0291225130446344,1.3981301838490405,IBE
101,8.698974609375,8.698974609375,8.75309877403196,8.601926132279301,8.613123314687698,4616785,2024-09-16,8.646717357635499,8.58889775897611,8.773721294403076,0.7565854659682403,1.3453201445821996,IBE
102,8.78109359741211,8.78109359741211,8.855746820498174,8.726970322152528,8.728836519239188,6887642,2024-09-17,8.650170087814331,8.607202124541443,8.77204158782959,0.9440076759001936,1.3531772288061785,IBE
103,8.829617500305176,8.829617500305176,8.865077911624567,8.79042469514265,8.796023285907353,6964570,2024-09-18,8.654929256439209,8.628384541280846,8.768308925628663,0.5525952132814815,1.3571853154922278,IBE
104,9.11889934539795,9.11889934539795,9.11889934539795,8.86507787640588,8.937864895677064,10969394,2024-09-19,8.674712371826171,8.675100236911048,8.769466037750243,3.2762670079737433,1.5339322305763297,IBE
105,9.089037895202637,9.089037895202637,9.212215795919732,9.07037503536434,9.117033519864938,20888265,2024-09-20,8.68870987892151,8.714522871034056,8.76860752105713,-0.3274677026716244,1.5281652937737848,IBE
106,9.089037895202637,9.089037895202637,9.14689445158084,8.913602919014426,9.061043160476906,5301874,2024-09-23,8.703827142715454,8.750190968573921,8.767226428985596,0.0,1.525526418624076,IBE
107,9.07410717010498,9.07410717010498,9.217815013481502,9.003186346885148,9.148760387198529,5198140,2024-09-24,8.715864992141723,8.781040130624499,8.76804759979248,-0.16427178838738232,1.5250374371108175,IBE
108,9.01811695098877,9.01811695098877,9.133830062218676,8.954661804477155,9.005052682293336,5059934,2024-09-25,8.725009965896607,8.803618875421096,8.765173435211182,-0.6170328172965922,1.5344260370163634,IBE
109,9.288736343383787,9.288736343383787,9.303666809629616,9.118899953753935,9.1244985448699,7926635,2024-09-26,8.745632982254028,8.84982053903659,8.765285415649414,3.000841460204695,1.6642623443483084,IBE
110,9.27193832397461,9.27193832397461,9.309264932680714,9.176755160296253,9.247675983818814,7299245,2024-09-27,8.761776733398438,8.890022232840211,8.766330547332764,-0.18084289173675439,1.6609637733411016,IBE
111,9.059176445007324,9.059176445007324,9.292467964221876,9.059176445007324,9.212215268681526,20356664,2024-09-30,8.769055366516113,8.906132157808507,8.759294471740724,-2.294686089715925,1.7482130870166086,IBE
112,8.678445816040039,8.678445816040039,9.10210282124057,8.613123577048322,9.10210282124057,66450950,2024-10-01,8.770175218582153,8.88444774430675,8.742590827941894,-4.202706849551574,1.8855012704075567,IBE
113,8.635519027709961,8.635519027709961,8.760563124385838,8.575796274834191,8.687776992686612,9444415,2024-10-02,8.77988018989563,8.860740247488007,8.726801643371582,-0.49463681908041846,1.7966081713960003,IBE
114,8.710172653198242,8.710172653198242,8.788559159356598,8.551534333756178,8.611257089421771,7977246,2024-10-03,8.790518283843994,8.846400476603268,8.713905296325684,0.8644949452225159,1.8003162380773794,IBE
115,8.913603782653809,8.913603782653809,9.02185122800105,8.717638840713509,8.728836913676098,11023009,2024-10-04,8.820379638671875,8.852800791465224,8.704890918731689,2.335557945351052,1.7808513698100739,IBE
116,9.006919860839844,9.006919860839844,9.107701617497646,8.915469089104748,9.006919860839844,13455652,2024-10-07,8.849214458465577,8.86747879807233,8.697836208343507,1.0468950658052867,1.7727092153824389,IBE
117,8.958815574645996,8.958815574645996,9.00884336741265,8.866456007997748,9.006919362691386,9401024,2024-10-08,8.880869817733764,8.876177538698393,8.687113208770752,-0.5340814278030237,1.7463031791151389,IBE
118,8.920332908630371,8.920332908630371,8.949194815041597,8.818353316307475,8.937649868976415,5642324,2024-10-09,8.911907482147218,8.880382812025248,8.6844109916687,-0.42955082281784795,1.7489185329274894,IBE
119,8.879925727844238,8.879925727844238,8.962664360550614,8.789491075586076,8.92225750539316,8601966,2024-10-10,8.932806253433228,8.880339280198484,8.690120296478272,-0.45297839441663657,1.717010454274415,IBE
120,8.935726165771484,8.935726165771484,8.9626640683315,8.854912458091434,8.866456487042733,6418018,2024-10-11,8.947909879684449,8.885614221681626,8.703216495513916,0.628388565821858,1.6687422758940993,IBE
121,9.04347801208496,9.04347801208496,9.04732693933936,8.91648451527067,8.928029462026833,5274061,2024-10-14,8.965135049819946,8.900648868386707,8.721827125549316,1.2058543907289998,1.6798233779113279,IBE
122,9.083885192871094,9.083885192871094,9.110823094379905,8.953042777323862,9.064643310362824,58035936,2024-10-15,8.980274629592895,8.91809994690903,8.742626991271973,0.4468101844460559,1.6720161332894188,IBE
123,8.935726165771484,8.935726165771484,9.070416596075065,8.889546379952316,9.033857751885469,57272109,2024-10-16,8.98558006286621,8.919778634419739,8.755984477996826,-1.6310094629540473,1.7172901543787529,IBE
124,8.754857063293457,8.754857063293457,9.014616070587108,8.743312116580015,8.960740264260057,33619442,2024-10-17,8.967377948760987,8.904071818121997,8.76654577255249,-2.024111964966546,1.6021906122817193,IBE
125,8.937649726867676,8.937649726867676,9.00884340688708,8.725993609042607,8.754856432498377,12373037,2024-10-18,8.959808540344238,8.907269714193013,8.779232540130614,2.087900033692325,1.6804986338703614,IBE
126,8.729843139648438,8.729843139648438,8.87992561148034,8.69713230447142,8.833746742264182,6092717,2024-10-21,8.941848802566529,8.890371945188768,8.787277927398682,-2.32506971709292,1.7541746919769994,IBE
127,8.795263290405273,8.795263290405273,8.824125196377523,8.633634965454466,8.737538560957326,7668624,2024-10-22,8.927906608581543,8.881313978066531,8.795773181915283,0.7493851803558327,1.7666424256301747,IBE
128,8.808732986450195,8.808732986450195,8.829898875289478,8.727918358384265,8.77409814585051,8194976,2024-10-23,8.917437410354614,8.874401502674498,8.804761791229248,0.15314716114998017,1.7641127905944307,IBE
129,8.687511444091797,8.687511444091797,8.845291771860706,8.687511444091797,8.785643033039232,5047870,2024-10-24,8.887376165390014,8.856602449476146,8.807145385742187,-1.376151854584129,1.624858977863201,IBE
130,8.699055671691895,8.699055671691895,8.787566311414407,8.664420834190881,8.702903681135304,5134226,2024-10-25,8.85873203277588,8.841597994449074,8.808826694488525,0.13288302034926147,1.6277987037175516,IBE
131,8.714448928833008,8.714448928833008,8.799111562044782,8.57398648674515,8.758704708978984,7062988,2024-10-28,8.841495656967163,8.829488559628498,8.807680435180664,0.17695319724422287,1.561311861600812,IBE
132,8.675966262817383,8.675966262817383,8.78371879075995,8.649028360207614,8.774097849112605,7794401,2024-10-29,8.84137167930603,8.814867388503629,8.806958980560303,-0.4415960932228291,1.2462780656472277,IBE
133,8.749083518981934,8.749083518981934,8.754856450686459,8.583607184339563,8.620166026790063,8083827,2024-10-30,8.847049903869628,8.808602258072991,8.807251968383788,0.842756344937734,1.2538611287771144,IBE
134,8.802959442138672,8.802959442138672,8.864532181977609,8.485475719143734,8.562441414566539,13710798,2024-10-31,8.85168924331665,8.808064847031627,8.808846416473388,0.6157893342754184,1.2468098771936682,IBE
135,9.058871269226074,9.058871269226074,9.058871269226074,8.764476523246149,8.804884292892892,30404514,2024-11-01,8.858952617645263,8.831951172954907,8.813842086791992,2.9071112819443856,1.3068093611141125,IBE
136,9.18971347808838,9.18971347808838,9.247438212405813,9.033858071686602,9.053099038123396,11324720,2024-11-04,8.86809229850769,8.86602377344381,8.821902503967285,1.4443544341643522,1.3250385153209985,IBE
137,9.24166488647461,9.24166488647461,9.258981847280277,9.145457305879058,9.189713086554129,7141848,2024-11-05,8.88223476409912,8.901799117541982,8.830068798065186,0.5653213074607866,1.3197569354277892,IBE
138,8.62978744506836,8.62978744506836,9.081960695105602,8.556669756124975,9.00884392366572,25327856,2024-11-06,8.86770749092102,8.875893243973065,8.82596019744873,-6.620857268929403,2.0112371097703456,IBE
139,8.987677574157715,8.987677574157715,9.04347738166981,8.752931563151058,8.8222012388593,19381291,2024-11-07,8.873095083236695,8.886539370657317,8.828188228607178,4.147148830344349,2.2258411470747697,IBE
140,8.756780624389648,8.756780624389648,8.94534685448177,8.706752830334525,8.889546128610727,9787107,2024-11-08,8.864147806167603,8.874181394822301,8.824342575073242,-2.5690390856027645,2.2983482472802472,IBE
141,8.777945518493652,8.777945518493652,8.895318983533588,8.776021513739467,8.831822239128156,8164379,2024-11-11,8.850871181488037,8.865016073267192,8.82162940979004,0.24169720599205302,2.2800937225746525,IBE
142,8.575910568237305,8.575910568237305,8.816428601498437,8.575910568237305,8.668270138932032,9149804,2024-11-12,8.825472450256347,8.837482215645299,8.8200266456604,-2.3016200069901793,2.326248075027975,IBE
143,8.541276931762695,8.541276931762695,8.645180534758165,8.435448406393945,8.562441902833633,9378801,2024-11-13,8.805749988555908,8.80927218860886,8.822023792266846,-0.4038479202766232,2.3042977001741907,IBE
144,8.741387367248535,8.741387367248535,8.764476341205524,8.550896221451747,8.581683049233458,7403073,2024-11-14,8.805076503753662,8.802806967526925,8.826903324127198,2.342863216876667,2.3291095520473393,IBE
145,9.02038860321045,9.02038860321045,9.035781558978826,8.674042052152847,8.677890979222546,17917462,2024-11-15,8.809213447570801,8.823529028068213,8.840983562469482,3.1917271737350372,2.3929326146792897,IBE
146,9.070416450500488,9.070416450500488,9.072340455294825,8.935726022358608,8.970360861167116,6524257,2024-11-18,8.826242113113404,8.847042115918907,8.853787422180176,0.5546085594608785,2.3267240774631617,IBE
147,8.97420883178711,8.97420883178711,9.083885362119398,8.77602165877529,9.076188425471992,8120903,2024-11-19,8.835189390182496,8.859153231715878,8.866757431030273,-1.0606747687761375,2.3401163211860254,IBE
148,8.879925727844238,8.879925727844238,9.105050814797432,8.839518872686785,9.043478070865518,7376023,2024-11-20,8.838749027252197,8.861131564680484,8.878364353179931,-1.0506007349518676,2.3548456509602147,IBE
149,8.90301513671875,8.90301513671875,8.920333014774322,8.768325626861369,8.889546185733012,5514638,2024-11-21,8.849524211883544,8.865120476303176,8.887185649871826,0.26001804049005095,2.3303667082935147,IBE
150,8.8222017288208,8.8222017288208,8.981906058764807,8.602849578569378,8.92225732095389,10624503,2024-11-22,8.85568151473999,8.86103297654295,8.890956611633301,-0.9077083061967417,2.342325445661473,IBE
151,8.901091575622559,8.901091575622559,8.966512329029054,8.818353860800777,8.92418146917862,19622848,2024-11-25,8.865013647079468,8.864848081217199,8.894998950958252,0.8942194842817663,2.349099777736912,IBE
152,8.606697082519531,8.606697082519531,8.756780461899973,8.587455200161472,8.720221619422421,12004923,2024-11-26,8.861550188064575,8.840262271817421,8.8915110206604,-3.307397644456178,2.4702468765052226,IBE
153,8.460461616516113,8.460461616516113,8.595152038982375,8.393116864034702,8.581683088486093,9097680,2024-11-27,8.847119092941284,8.804090780836344,8.88412790298462,-1.6990892627141152,2.4893400248294197,IBE
154,8.53357982635498,8.53357982635498,8.620166466310105,8.525883807027812,8.591304558826229,4881553,2024-11-28,8.8336501121521,8.778327832790499,8.87242151260376,0.8642342835777361,2.4939141757928005,IBE
155,8.597076416015625,8.597076416015625,8.618242303785047,8.370027334955667,8.475855856299296,6919031,2024-11-29,8.810560369491578,8.761065793097654,8.86258228302002,0.7440791666885493,2.4006423018251923,IBE
156,8.63555908203125,8.63555908203125,8.643256018558482,8.495096642309361,8.51433852487571,6549448,2024-12-02,8.78285264968872,8.74911277299609,8.853512706756591,0.4476250315041508,2.374176776449138,IBE
157,8.802959442138672,8.802959442138672,8.827973339026256,8.649028051293062,8.658648992596778,8218564,2024-12-03,8.760917377471923,8.754241027200145,8.848089752197266,1.9385005477612571,2.4194358623742076,IBE
158,8.891469955444336,8.891469955444336,8.910711837774375,8.81450426113108,8.822201197563786,6731578,2024-12-04,8.774001502990723,8.767310448937687,8.845556812286377,1.0054631500626465,1.9023769547236338,IBE
159,9.266678810119627,9.266678810119627,9.28399577097405,8.879925399340642,8.885698331294442,12935146,2024-12-05,8.787951564788818,8.814869340478824,8.845115661621094,4.219874290252168,1.9104383763379829,IBE
160,9.19163703918457,9.19163703918457,9.310934511846082,9.157002200266374,9.21280292699627,7158974,2024-12-06,8.809694385528564,8.8507519784508,8.843509635925294,-0.8098022222709167,1.815833647051462,IBE
161,9.21857452392578,9.21857452392578,9.29554021747843,9.20510557342924,9.243588420205564,5609752,2024-12-09,8.831725835800171,8.885782697067466,8.846697597503661,0.29306514852982524,1.8158453921410622,IBE
162,9.228196144104004,9.228196144104004,9.289768886977985,9.164699396375132,9.19356130420548,5148392,2024-12-10,8.864340114593507,8.918393501547136,8.857692604064942,0.10437210387845841,1.71399410596757,IBE
163,9.147381782531738,9.147381782531738,9.289768224173134,9.12429189091347,9.214726535165484,7850592,2024-12-11,8.894645357131958,8.940201909259956,8.867929859161377,-0.8757330285388276,1.728553854755088,IBE
164,9.299389839172363,9.299389839172363,9.305161853743495,9.193561314503368,9.193561314503368,9285362,2024-12-12,8.92254548072815,8.97441028353733,8.879714202880859,1.661765740781762,1.6937391405218472,IBE
165,9.33594799041748,9.33594799041748,9.461016554365818,9.299389148339005,9.299389148339005,8167552,2024-12-13,8.9383234500885,9.008842446097344,8.888161087036133,0.39312419284887046,1.5541522992550225,IBE
166,9.397520065307615,9.397520065307615,9.44562385447451,9.341720257076238,9.341720257076238,8264622,2024-12-16,8.954678630828857,9.045859362212608,8.895973091125489,0.6595160443624293,1.55564706521538,IBE
167,9.158926963806152,9.158926963806152,9.410989020859375,9.141609085895508,9.343644266494277,6213448,2024-12-17,8.96391453742981,9.056627705221517,8.899975318908691,-2.538894302362449,1.6503655191501103,IBE
168,9.197409629821776,9.197409629821776,9.283995347649302,9.099278048613112,9.145456914620436,6487831,2024-12-18,8.979788732528686,9.0700355075644,8.90551685333252,0.4201656609742255,1.62832266461252,IBE
169,9.01846408843994,9.01846408843994,9.116595676840753,8.966512286934456,9.043477986757658,9348876,2024-12-19,8.985561180114745,9.065123943838262,8.908287620544433,-1.9456080416557886,1.6964785261922704,IBE
170,8.94919490814209,8.94919490814209,8.964587863887983,8.785642574271233,8.933801952396198,34278281,2024-12-20,8.99191083908081,9.05408308329577,8.908556995391846,-0.7680817888562674,1.6924908833583339,IBE
171,8.947271347045898,8.947271347045898,9.01076809546197,8.85683669536283,8.974209250312896,3731184,2024-12-23,8.994219827651976,9.043910536986258,8.906632862091065,-0.02149423625181779,1.681801802423339,IBE
172,8.914560317993164,8.914560317993164,8.966512118522875,8.901091366652258,8.937650211007147,1616478,2024-12-24,9.009612989425658,9.031591468510726,8.903246364593507,-0.36559782065327395,1.4915839210496415,IBE
173,9.03000831604004,9.03000831604004,9.039629257127634,8.889545879173545,8.889545879173545,4335543,2024-12-27,9.038090324401853,9.031440692084946,8.905132007598876,1.2950498277952693,1.441811266098528,IBE
174,9.014616012573242,9.014616012573242,9.081960770048656,8.895319453973434,8.895319453973434,4311519,2024-12-30,9.062142133712767,9.02983834165526,8.910327186584473,-0.1704572457531084,1.4404253936211466,IBE
175,9.093505859375,9.093505859375,9.093505859375,9.012692149136443,9.012692149136443,2040991,2024-12-31,9.086963605880737,9.035901914771427,8.913444309234619,0.8751326367282264,1.4429227708850143,IBE
176,8.94534683227539,8.94534683227539,9.09350529179868,8.625938186022458,9.07234032186876,9691109,2025-01-02,9.102452993392943,9.027277621200376,8.917754383087159,-1.629283902059231,1.5044733176362133,IBE
177,8.964588165283203,8.964588165283203,8.993450072965043,8.885698461617643,8.945347199329811,5626158,2025-01-03,9.11053442955017,9.021307196827312,8.921140880584717,0.21509879235077634,1.4471400937374723,IBE
178,9.374431610107422,9.374431610107422,9.38020362472565,8.987678188077158,9.022313028297074,10516842,2025-01-06,9.134682512283323,9.054938093330179,8.93245485305786,4.5718044964006666,1.7520665011822856,IBE
179,9.499500274658203,9.499500274658203,9.54952807183908,9.2416652691897,9.374431699209536,12689770,2025-01-07,9.146323585510252,9.097277348694753,8.94869462966919,1.3341466421914472,1.5129725975354478,IBE
180,9.52643871307373,9.52643871307373,9.692876598257946,9.41098924921299,9.50719682992911,10062023,2025-01-08,9.16306366920471,9.138149859587989,8.965242290496827,0.2835774265662172,1.4967064316244219,IBE
181,9.614949226379396,9.614949226379396,9.614949226379396,9.38405121929894,9.428306999428106,6268002,2025-01-09,9.182882404327392,9.183559323091933,8.983252296447754,0.9291038967604637,1.5057508620575077,IBE
182,9.559148788452148,9.559148788452148,9.688066288147322,9.50527298275927,9.614949516494203,9622174,2025-01-10,9.1994300365448,9.219329748364334,9.000915946960449,-0.5803508329940477,1.5162987147037263,IBE
183,9.85642910003662,9.85642910003662,9.85642910003662,9.60147964912176,9.611100590855193,11181152,2025-01-13,9.234882402420043,9.280005877095029,9.023062858581543,3.109903592499763,1.627115362134534,IBE
184,9.95263671875,9.95263671875,10.12580908306732,9.894911985641889,9.909343398294794,10782620,2025-01-14,9.267544746398924,9.344065957252646,9.04605640411377,0.9760899990953531,1.605914973804202,IBE
185,10.01517105102539,10.01517105102539,10.092136750519066,9.875671064756922,9.97187773037226,9054226,2025-01-15,9.30150589942932,9.407980728088145,9.065182399749755,0.6283192488838685,1.6070915407260624,IBE
186,9.938204765319824,9.938204765319824,10.1498608851945,9.89491144722038,10.101757096472513,8489433,2025-01-16,9.328540134429932,9.458478255443541,9.080152225494384,-0.7684969663866781,1.6248905092935801,IBE
187,9.943015098571776,9.943015098571776,10.058463639407464,9.89491131051438,10.02479126301832,10761180,2025-01-17,9.367744541168213,9.504624621455754,9.094179229736328,0.04840243651185183,1.484537248486643,IBE
188,10.02960205078125,10.02960205078125,10.101757276397684,9.923773530207242,9.995929673327147,7862909,2025-01-20,9.409354162216186,9.554622471867706,9.122175521850586,0.8708319493743177,1.487926389117226,IBE
189,10.04403305053711,10.04403305053711,10.04403305053711,9.813135949950858,9.914154004897044,9820701,2025-01-21,9.460632610321046,9.601233003169554,9.143302631378173,0.14388407120036195,1.3807783377209228,IBE
190,9.96225643157959,9.96225643157959,10.101757330352797,9.880481181613405,10.101757330352797,7176815,2025-01-22,9.51128568649292,9.635616186827653,9.167412147521972,-0.814181101814937,1.3831289549644417,IBE
191,10.231637001037598,10.231637001037598,10.26530937772828,10.000739917298526,10.019980882191724,8579327,2025-01-23,9.575503969192505,9.692380073895267,9.196485977172852,2.704011599260703,1.4565330861981967,IBE
192,10.313413619995115,10.313413619995115,10.351896468978165,10.22201650959657,10.294171736751847,7139255,2025-01-24,9.645446634292602,9.751526125904777,9.231236038208008,0.7992525433537567,1.435540393471513,IBE
193,10.375947952270508,10.375947952270508,10.433672684756864,10.159482269829535,10.173912764823504,11539779,2025-01-27,9.712743616104126,9.810994871272943,9.267929458618164,0.6063398073568482,1.429801623100853,IBE
194,10.525068283081056,10.525068283081056,10.568361600622575,10.31341308343745,10.35670640097897,8742447,2025-01-28,9.788266229629517,9.879001862873716,9.303603076934815,1.4371730804404903,1.4230697597541853,IBE
195,10.6453275680542,10.6453275680542,10.669379921474842,10.529879024145515,10.544310436197902,9158026,2025-01-29,9.865857315063476,9.951985263367096,9.33610185623169,1.142598620157731,1.4251963684461435,IBE
196,10.789639472961426,10.789639472961426,11.00129560607778,10.650138568690515,10.847363289036377,10800220,2025-01-30,9.958071947097778,10.03176185475703,9.370486316680909,1.3556361134465789,1.3089143292894794,IBE
197,10.630897521972656,10.630897521972656,10.87622603219166,10.606845167537358,10.804069886389271,8492186,2025-01-31,10.04138741493225,10.088822394491853,9.403620090484619,-1.4712442559973615,1.409196824381535,IBE
198,10.337465286254885,10.337465286254885,10.43848334051979,10.08251583263727,10.159482449817135,18090245,2025-02-03,10.089539098739625,10.112502669897856,9.432770881652832,-2.7601830900099045,1.3465260635548735,IBE
199,10.582793235778809,10.582793235778809,10.59722464776521,10.356706619679327,10.472155163060137,9371079,2025-02-04,10.143703746795655,10.157292247600804,9.466366443634033,2.373192487041509,1.3994585771890788,IBE
200,10.611655235290527,10.611655235290527,10.70786281436981,10.558741892550048,10.582793328568131,6936527,2025-02-05,10.197964572906494,10.200564913095063,9.502155513763428,0.27272572437813114,1.3995696907404163,IBE
201,11.19370937347412,11.19370937347412,11.237002692417786,10.65975905150458,10.71748378259729,16823382,2025-02-06,10.27690258026123,10.29515009979783,9.54800786972046,5.485045690590207,1.7827959433986804,IBE
202,11.20814037322998,11.20814037322998,11.241813669761957,11.083071798982424,11.174467994201525,8737455,2025-02-07,10.359352159500123,10.382101554410417,9.600036735534667,0.12892062205991373,1.761279055513084,IBE
203,11.068639755249023,11.068639755249023,11.193709239870891,11.020535966163155,11.17446735723516,16082327,2025-02-10,10.419962692260743,10.447486144966474,9.652200298309326,-1.244636606391425,1.7313450196996183,IBE
204,11.261054039001465,11.261054039001465,11.261054039001465,11.015725539438217,11.063829328715936,6099237,2025-02-11,10.485383558273316,10.524968801541235,9.706749782562255,1.7383733503585574,1.7484659780123188,IBE
205,11.506382942199709,11.506382942199709,11.535244849777404,11.31877916668942,11.352451545113984,9364993,2025-02-12,10.559944152832031,10.61843681493728,9.764935913085937,2.178560748830205,1.7822462308735565,IBE
206,11.501572608947754,11.501572608947754,11.544865929583974,11.405365025866484,11.535244987775146,9192918,2025-02-13,10.638112545013428,10.70254498579542,9.822256183624267,-0.041805780983639185,1.7577285154092483,IBE
207,11.592968940734863,11.592968940734863,11.650692752695097,11.429416611008463,11.458278516988578,8610366,2025-02-14,10.720610237121582,10.787347267218223,9.878056373596191,0.7946420450017921,1.7500076116273375,IBE
208,11.73246955871582,11.73246955871582,11.746900971246252,11.56891722005159,11.573727690895067,6175146,2025-02-17,10.805753612518311,10.877358914027518,9.934876365661621,1.2033208981591104,1.7524438973350265,IBE
209,11.977797508239746,11.977797508239746,11.992228920097304,11.742089952920368,11.775762329751217,10223820,2025-02-18,10.902441835403442,10.982162589666778,9.989098739624023,2.0910171409025846,1.7679998411230677,IBE
210,11.665124893188477,11.665124893188477,12.016281009978464,11.645883009664008,11.934504840006486,9738118,2025-02-19,10.987585258483886,11.047206618573606,10.038568496704102,-2.6104349721739473,1.9002803181461239,IBE
211,11.708417892456056,11.708417892456056,11.843108320922289,11.612210312479675,11.631452195476344,7704691,2025-02-20,11.06142430305481,11.110179120848125,10.088365364074708,0.37113189669200075,1.848745921420068,IBE
212,11.823866844177246,11.823866844177246,11.83829825692059,11.64107353694578,11.6843668576723,8441612,2025-02-21,11.136946964263917,11.178149380212805,10.140278778076173,0.9860337475277037,1.849785147357863,IBE
213,11.934504508972168,11.934504508972168,11.953746391962913,11.775762644312444,11.823866434285828,6461205,2025-02-24,11.214874792099,11.25018320199941,10.19602123260498,0.9357147391202858,1.8503564718649417,IBE
214,12.09805679321289,12.09805679321289,12.280851010837944,11.838297796460807,11.843108267188148,13173651,2025-02-25,11.29352421760559,11.330933067829267,10.251994571685792,1.3704153709755307,1.849051165700374,IBE
215,12.444403648376465,12.444403648376465,12.444403648376465,12.1076780292965,12.1269189951706,10949387,2025-02-26,11.383478021621704,11.436977885024238,10.31416368484497,2.862830461813326,1.9090278195134736,IBE
216,12.40110969543457,12.40110969543457,12.502126825501415,12.237557365085287,12.410729719128948,10551756,2025-02-27,11.464051532745362,11.528799962206175,10.37423547744751,-0.34789897664194713,1.9209437984780875,IBE
217,12.33857536315918,12.33857536315918,12.33857536315918,12.136540171309052,12.26160966316899,24042421,2025-02-28,11.549435424804688,11.605921428963605,10.43782844543457,-0.5042640038771085,1.8746107592076346,IBE
218,12.439593315124512,12.439593315124512,12.598335184731514,12.179833391674777,12.290471469809214,13131030,2025-03-03,11.654541826248169,11.68531875145512,10.502672119140625,0.8187164967760729,1.6813352927352385,IBE
219,11.785383224487305,11.785383224487305,12.27604021566679,11.655503270792126,12.21831548596778,17352465,2025-03-04,11.714671325683593,11.69484870126771,10.558010501861572,-5.25909548700273,2.142551944341159,IBE
220,12.35300636291504,12.35300636291504,12.439593001884624,12.122109270665138,12.122109270665138,17274004,2025-03-05,11.801738882064821,11.75753038332936,10.62608673095703,4.816331617018155,2.341932891852221,IBE
221,12.632007598876951,12.632007598876951,12.704162827536056,12.348196237648104,12.502127636788462,12938651,2025-03-06,11.873653793334961,11.840813927667227,10.699781455993651,2.258569515510822,2.1000293364875136,IBE
222,12.660869598388672,12.660869598388672,12.694541977506166,12.391489647945203,12.473265819017769,12602535,2025-03-07,11.946290254592896,11.918914467735936,10.774707641601562,0.22848307591492034,2.0989033973866627,IBE
223,12.276041030883787,12.276041030883787,12.68973143743545,12.23274771011041,12.612765737728,13106345,2025-03-10,12.006660318374633,11.952926521369065,10.839628295898438,-3.039511342521539,2.2183533918516245,IBE
224,12.059574127197266,12.059574127197266,12.40111021397353,11.977797958603244,12.276040725682469,11038905,2025-03-11,12.046586322784425,11.963083436209846,10.900527458190918,-1.7633282842729137,2.2568582589995554,IBE
225,12.386678695678713,12.386678695678713,12.492506299864807,12.141350191993975,12.165402545788648,7890363,2025-03-12,12.090601110458374,12.003425841873547,10.966390914916992,2.712405637473947,2.282417891588735,IBE
226,12.285661697387695,12.285661697387695,12.434782622540972,12.175022703722206,12.256798872516615,8230422,2025-03-13,12.129805564880371,12.03030544716061,11.033197212219239,-0.8155293341568504,2.29670877368046,IBE
227,12.680110931396484,12.680110931396484,12.728213803758631,12.213505362454445,12.256798681583158,8490578,2025-03-14,12.184162664413453,12.092191683754503,11.107507667541505,3.210647043070214,2.382941859252138,IBE
228,12.771507263183594,12.771507263183594,12.872525314761448,12.569472077531374,12.641628221874194,6527721,2025-03-17,12.236114549636842,12.156888405604892,11.175449180603028,0.7207849543398481,2.377630135741929,IBE
229,13.06974983215332,13.06974983215332,13.074560302870392,12.766697517005548,12.805180365238654,8221614,2025-03-18,12.29071216583252,12.243827589085695,11.24685417175293,2.335218254383098,2.3870974948680055,IBE
230,12.935059547424316,12.935059547424316,12.959111901275284,12.670490077588076,12.757076716444589,12903052,2025-03-19,12.35420889854431,12.309659204165564,11.315026588439942,-1.030549830400329,2.304709603269128,IBE
231,12.583903312683104,12.583903312683104,12.992784149019078,12.473265238587334,12.930248947136445,8861752,2025-03-20,12.397983169555664,12.335777690691044,11.374405670166016,-2.714763186468183,2.4173885252946157,IBE
232,12.579092979431152,12.579092979431152,12.670490089141191,12.367436852867078,12.478075845675438,25543701,2025-03-21,12.435744476318359,12.35895057533296,11.434804553985595,-0.038226082419934304,2.4149242089619616,IBE
233,12.636817932128906,12.636817932128906,12.838853120675632,12.574282728469669,12.752266480226536,6656600,2025-03-24,12.470860147476197,12.38541413312305,11.490412330627441,0.45889598552251165,2.411061782810709,IBE
234,12.930249214172363,12.930249214172363,12.935059684993718,12.632007363276337,12.680111153986388,7817709,2025-03-25,12.51246976852417,12.43730318846108,11.549964580535889,2.322034578795451,2.4421954900136105,IBE
235,12.819610595703123,12.819610595703123,13.026456244757249,12.737834430205064,12.935059138023307,5926461,2025-03-26,12.531230115890503,12.473713417722227,11.606053371429443,-0.8556572780358596,2.3825701377631705,IBE
236,12.65124797821045,12.65124797821045,12.757076498338396,12.4107299488338,12.56466225833777,6618280,2025-03-27,12.543737030029297,12.490621471102056,11.660314235687256,-1.313320839473131,2.403424342712612,IBE
237,12.242368698120115,12.242368698120115,12.550231498110977,12.218316343431134,12.429972477176609,11140790,2025-03-28,12.538926696777343,12.46697834986568,11.706301307678222,-3.2319284294684336,2.5159131442404528,IBE
238,12.069194793701172,12.069194793701172,12.160591901812074,11.867159612221185,12.122109053792242,10940977,2025-03-31,12.520406770706177,12.429094201659536,11.747093162536622,-1.4145457361167013,2.5267794229047063,IBE
239,12.27122974395752,12.27122974395752,12.362626850346247,12.08843553118006,12.13653931967431,30264451,2025-04-01,12.544699096679688,12.4140594914022,11.79163709640503,1.673972072783081,2.2445419754060603,IBE
240,12.247178077697754,12.247178077697754,12.285661844653829,12.088436209017972,12.189454262270656,23128103,2025-04-02,12.539407682418823,12.398166023430347,11.837335529327392,-0.19600045603912486,1.9677954866995861,IBE
241,12.059574127197266,12.059574127197266,12.319334045379508,11.81905609221526,11.929694168106144,20692222,2025-04-03,12.510786008834838,12.365919176170054,11.873894271850586,-1.5318136905522528,1.9182298550500507,IBE
242,10.929139137268066,10.929139137268066,11.852728424748712,10.616465876494113,11.847917953967144,28042404,2025-04-04,12.424199485778809,12.229082981988913,11.886208782196045,-9.373755474331336,2.800423514903587,IBE
243,10.40000057220459,10.40000057220459,10.924329061296,9.726549318502224,10.279741550829671,35122274,2025-04-07,12.330397462844848,12.05488465724755,11.886689834594726,-4.841539287016017,2.906820137923203,IBE
244,10.81999969482422,10.81999969482422,11.039999961853027,10.345000267028809,10.734999656677246,19268307,2025-04-08,12.268418741226196,11.937276565588185,11.89258846282959,4.038452879917487,3.0878408272632183,IBE
245,10.699999809265137,10.699999809265137,10.824999809265137,10.385000228881836,10.449999809265137,14647290,2025-04-09,12.184084796905518,11.819440684033609,11.893681907653809,-1.1090562748951482,2.9958352050931065,IBE
246,11.380000114440918,11.380000114440918,12.529999732971191,11.380000114440918,11.824999809265137,21544167,2025-04-10,12.138801717758179,11.777589201215257,11.905489120483399,6.355143152310783,3.3834425286651157,IBE
247,11.279999732971191,11.279999732971191,11.5600004196167,11.020000457763672,11.420000076293944,8502679,2025-04-11,12.068796157836914,11.730199728049156,11.91847116470337,-0.8787379654138006,3.2804118072086936,IBE
248,11.654999732971191,11.654999732971191,11.68000030517578,11.460000038146973,11.614999771118164,7665221,2025-04-14,12.012970781326294,11.723037823756018,11.944821853637695,3.3244681638057383,3.3827818342612663,IBE
249,11.90999984741211,11.90999984741211,11.9399995803833,11.604999542236328,11.699999809265137,42014284,2025-04-15,11.954983282089234,11.740843730770884,11.971365985870362,2.187903219933496,3.376665009208746,IBE
250,11.949999809265137,11.949999809265137,11.949999809265137,11.609999656677246,11.795000076293944,26189321,2025-04-16,11.905730295181275,11.760763357294147,11.998132877349853,0.3358519090302048,3.3772387732211953,IBE
251,11.864999771118164,11.864999771118164,12.024999618530272,11.734999656677246,12.0,20710857,2025-04-17,11.869785118103028,11.770690634801195,12.011558685302735,-0.7112974017043028,3.3325135618897748,IBE
252,11.914999961853027,11.914999961853027,11.954999923706056,11.725000381469728,11.765000343322754,10724321,2025-04-22,11.83658046722412,11.784434380234703,12.025695877075195,0.4214091167247469,3.335561449576146,IBE
253,12.354999542236328,12.354999542236328,12.404999732971191,12.05500030517578,12.085000038146973,9788029,2025-04-23,11.822489547729493,11.838773919472953,12.051423072814941,3.692820661284091,3.446586622738223,IBE
254,12.25,12.25,12.335000038146973,12.154999732971191,12.274999618530272,6481345,2025-04-24,11.788477087020874,11.877938308094576,12.071201992034911,-0.8498546833399789,3.40415310424512,IBE
255,12.454999923706056,12.454999923706056,12.5,12.295000076293944,12.369999885559082,8257630,2025-04-25,11.770246553421021,11.932896557200433,12.09017433166504,1.6734687649474056,3.425963279050732,IBE
